Record_ID,Record_Type,BENE_ID,Provider_NPI,Provider_State,Service_Date,Service_End_Date,Submission_Date,Processed_Date,Decision_Date,Status,Denial_Reason_Code,Diagnosis_Code,Procedure_Code,NDC_Code,Drug_Name,Days_Supply,Quantity_Dispensed,Billed_Amount,Allowed_Amount,Paid_Amount,Patient_Responsibility,Urgency_Flag,Auth_Required_Flag,Auth_Linked_ID,Batch_ID,Source_System,Ingestion_Timestamp,Retry_Count,Processing_Latency_Days,SLA_Target_Days,SLA_Breach_Flag,Batch_Date,Provider_Total_Records,Provider_Denial_Rate,Batch_Volume,Rolling_7D_Avg_Volume,Volume_Vs_Trend_Ratio,Batch_SLA_Breach_Rate,Rolling_7D_Avg_SLA_Breach_Rate,SLA_Breach_Rate_Vs_Trend_Diff,Beneficiary_Record_Count,High_Frequency_Beneficiary_Flag,Missing_Required_Auth_Link,Days_Since_Prev_Batch,Pipeline_Gap_Flag,Submission_Day_Of_Week,DOW_Avg_SLA_Breach_Rate,Record_SLA_Breach_Numeric,SLA_Breach_Vs_DOW_Norm
TEST_0001,MEDICAL_CLAIM,-10000010262495.0,1679948319.0,IN,2015-12-27,2015-12-27,2015-12-28,2016-01-28,2016-01-28,PAID,,Z733,,,,,,976.93,781.55,781.55,0.0,,N,,BATCH_20151228,CARRIER_CLAIMS_SYS,2015-12-28 01:00:00,3,31.0,30,Y,2015-12-28,2.0,0.0,2.0,2.0,1.0,1.0,1.0,0.0,2.0,False,False,,False,Monday,0.25,1,0.75
TEST_0002,PHARMACY_CLAIM,,1204276437.0,CA,2025-10-14,2025-10-14,2025-10-14,2025-10-15,2025-10-15,PAID,,,,47251-355-19,CEFTAZIDIME,30.0,35.0,219.66,189.07,189.07,30.59,,N,,BATCH_20251014,PHARMACY_ADJ_SYS,2025-10-14 04:00:00,0,1.2,2,N,2025-10-14,2.0,0.0,2.0,1.86,1.08,0.0,0.0,0.0,,False,False,54.0,False,Tuesday,0.0,0,0.0
TEST_0003,PHARMACY_CLAIM,-10000010267549.0,1833916557.0,FL,2025-08-21,2025-08-21,2025-08-21,2025-08-22,2025-08-22,PAID,,,,31400-727-20,CEFTRIAXONE,30.0,30.0,319.87,221.87,221.87,98.0,,N,,BATCH_20250821,PHARMACY_ADJ_SYS,2025-08-21 00:00:00,3,1.2,2,N,2025-08-21,3.0,0.0,3.0,1.71,1.75,0.0,0.0,0.0,3.0,False,False,28.0,False,Thursday,0.0,0,0.0
TEST_0004,PRIOR_AUTH,-10000010260575.0,1076735096.0,PA,,,2025-01-28,2025-02-05,2025-02-05,APPROVED,,,PHYSICAL_THERAPY_EXT,,,,,,,,,STANDARD,Y,,BATCH_20250128,AUTH_MGMT_SYS,2025-01-28 01:00:00,0,8.4,14,N,2025-01-28,1.0,0.0,1.0,1.43,0.7,0.0,0.1429,-0.1429,1.0,False,False,8.0,False,Tuesday,0.0,0,0.0
TEST_0005,MEDICAL_CLAIM,-10000010264404.0,1104288976.0,LA,2016-12-30,2016-12-30,2017-01-03,2017-01-19,2017-01-19,PAID,,Z733,,,,,,916.08,675.48,675.48,0.0,,N,,BATCH_20170103,CARRIER_CLAIMS_SYS,2017-01-03 02:00:00,3,16.5,30,N,2017-01-03,1.0,0.0,1.0,1.2,0.83,0.0,0.2,-0.2,1.0,False,False,212.0,False,Tuesday,0.0,0,0.0
TEST_0006,PRIOR_AUTH,-10000010286893.0,1841232755.0,AL,,,2025-04-19,2025-04-27,2025-04-27,DENIED,D_NONCOVERED_SERVICE,,PHYSICAL_THERAPY_EXT,,,,,,,,,STANDARD,Y,,BATCH_20250419,AUTH_MGMT_SYS,2025-04-19 02:00:00,5,8.4,14,N,2025-04-19,3.0,1.0,3.0,1.43,2.1,0.0,0.1429,-0.1429,3.0,False,False,81.0,False,Saturday,0.1111111111111111,0,-0.1111
TEST_0007,MEDICAL_CLAIM,-10000010260105.0,1700237633.0,GA,2020-02-20,2020-02-20,2020-02-21,2020-03-08,2020-03-08,PAID,,R931,,,,,,8595.12,6016.57,7305.84,0.0,,N,,BATCH_20200221,CARRIER_CLAIMS_SYS,2020-02-21 04:00:00,5,16.5,30,N,2020-02-21,3.0,0.0,3.0,1.86,1.61,0.0,0.2143,-0.2143,3.0,False,False,130.0,False,Friday,0.2,0,-0.2
TEST_0008,MEDICAL_CLAIM,-10000010260105.0,1700237633.0,GA,2020-02-20,2020-02-20,2020-02-21,2020-03-08,2020-03-08,PAID,,R931,,,,,,8595.12,6016.57,7305.84,0.0,,N,,BATCH_20200221,CARRIER_CLAIMS_SYS,2020-02-21 04:00:00,5,16.5,30,N,2020-02-21,3.0,0.0,3.0,1.86,1.61,0.0,0.2143,-0.2143,3.0,False,False,130.0,False,Friday,0.2,0,-0.2
TEST_0009,PHARMACY_CLAIM,-10000010267225.0,1633537757.0,WA,2025-06-14,2025-06-14,2025-06-14,2025-06-15,,REJECTED,70_PA_REQUIRED,,,84600-946-60,MOXIFLOXACIN,180.0,500.0,13076.88,8372.84,10167.02,2630.94,,N,,BATCH_20250614,PHARMACY_ADJ_SYS,2025-06-14 01:00:00,5,1.2,2,N,2025-06-14,2.0,1.0,2.0,1.57,1.27,0.0,0.0,0.0,2.0,False,False,157.0,True,Saturday,0.1111111111111111,0,-0.1111
TEST_0010,MEDICAL_CLAIM,-10000010260105.0,1700237633.0,GA,2020-02-20,2020-02-20,2020-02-21,2020-03-08,2020-03-08,PAID,,R931,,,,,,8595.12,6016.57,7305.84,0.0,,N,,BATCH_20200221,CARRIER_CLAIMS_SYS,2020-02-21 04:00:00,5,16.5,30,N,2020-02-21,3.0,0.0,3.0,1.86,1.61,0.0,0.2143,-0.2143,3.0,False,False,130.0,False,Friday,0.2,0,-0.2
TEST_0011,MEDICAL_CLAIM,-10000010259056.0,1740513928.0,FL,2022-08-29,2022-08-29,2022-09-04,2022-09-20,2022-09-20,PAID,,Z608,,,,,,8525.2,5967.64,7246.42,0.0,,N,,BATCH_20220904,CARRIER_CLAIMS_SYS,2022-09-04 05:00:00,5,16.5,30,N,2022-09-04,1.0,0.0,1.0,1.71,0.58,0.0,0.3571,-0.3571,1.0,False,False,750.0,True,Sunday,0.2,0,-0.2
TEST_0012,MEDICAL_CLAIM,-10000010260857.0,1053482273.0,GA,2019-05-30,2019-05-30,2019-05-31,2019-07-01,2019-07-01,PAID,,Z733,,,,,,13095.6,9166.85,11131.17,0.0,,Y,,BATCH_20190531,CARRIER_CLAIMS_SYS,2019-05-31 03:00:00,5,31.0,30,Y,2019-05-31,1.0,0.0,1.0,1.14,0.88,1.0,0.1429,0.8571,1.0,False,True,215.0,False,Friday,0.2,1,0.8
TEST_0013,PHARMACY_CLAIM,-10000010266882.0,1196712677.0,AZ,2025-07-24,2025-07-24,2025-07-24,2025-07-25,2025-07-25,PAID,,,,93726-811-16,PENTAZOCINE-ACETAMINOPHEN,180.0,500.0,1451.04,922.46,1120.13,297.6,,Y,,BATCH_20250724,PHARMACY_ADJ_SYS,2025-07-24 01:00:00,5,1.2,2,N,2025-07-24,1.0,0.0,1.0,1.57,0.64,0.0,0.0,0.0,1.0,False,True,40.0,False,Thursday,0.0,0,0.0
TEST_0014,MEDICAL_CLAIM,-10000010257932.0,1215210273.0,FL,2019-09-11,2019-09-11,2019-09-18,2019-10-04,2019-10-04,PAID,,Z733,,,,,,13981.44,9787.05,11884.28,0.0,,N,,BATCH_20190918,CARRIER_CLAIMS_SYS,2019-09-18 01:00:00,5,16.5,30,N,2019-09-18,4.0,0.0,2.0,1.29,1.55,0.0,0.1429,-0.1429,2.0,False,False,110.0,False,Wednesday,0.0,0,0.0
TEST_0015,MEDICAL_CLAIM,-10000010256636.0,1689688988.0,CO,2016-01-26,2016-01-26,2016-01-30,2016-02-15,2016-02-15,PAID,,Z733,,,,,,10170.72,7119.42,8645.01,0.0,,N,,BATCH_20160130,CARRIER_CLAIMS_SYS,2016-01-30 00:00:00,5,16.5,30,N,2016-01-30,1.0,0.0,1.0,1.5,0.67,0.0,0.5,-0.5,1.0,False,False,33.0,False,Saturday,0.1111111111111111,0,-0.1111
TEST_0016,MEDICAL_CLAIM,-10000010265183.0,1194176834.0,MD,2019-10-10,2019-10-10,2019-10-14,2019-10-30,2019-10-30,PAID,,Y0704,,,,,,8704.8,7616.7,9248.85,0.0,,N,,BATCH_20191014,CARRIER_CLAIMS_SYS,2019-10-14 01:00:00,5,16.5,30,N,2019-10-14,1.0,0.0,2.0,1.57,1.27,0.0,0.2143,-0.2143,2.0,False,False,8.0,False,Monday,0.25,0,-0.25
TEST_0017,PHARMACY_CLAIM,-10000010267549.0,1833916557.0,FL,2025-08-21,2025-08-21,2025-08-21,2025-08-22,2025-08-22,PAID,,,,31400-727-20,CEFTRIAXONE,180.0,500.0,2558.96,1553.09,1885.89,588.0,,N,,BATCH_20250821,PHARMACY_ADJ_SYS,2025-08-21 00:00:00,5,1.2,2,N,2025-08-21,3.0,0.0,3.0,1.71,1.75,0.0,0.0,0.0,3.0,False,False,28.0,False,Thursday,0.0,0,0.0
TEST_0018,PRIOR_AUTH,-10000010262784.0,,WA,,,2025-11-15,2025-11-23,2025-11-23,DENIED,D_NOT_MEDICALLY_NECESSARY,,CARDIAC_CATH,,,,,,,,,STANDARD,Y,,BATCH_20251115,AUTH_MGMT_SYS,2025-11-15 00:00:00,2,8.4,14,N,2025-11-15,,,2.0,1.86,1.08,0.0,0.0,0.0,2.0,False,False,210.0,False,Saturday,0.1111111111111111,0,-0.1111
TEST_0019,PRIOR_AUTH,-10000010262784.0,,WA,,,2025-11-15,2025-11-23,2025-11-23,DENIED,D_NOT_MEDICALLY_NECESSARY,,CARDIAC_CATH,,,,,,,,,STANDARD,Y,,BATCH_20251115,AUTH_MGMT_SYS,2025-11-15 00:00:00,2,8.4,14,N,2025-11-15,,,2.0,1.86,1.08,0.0,0.0,0.0,2.0,False,False,210.0,False,Saturday,0.1111111111111111,0,-0.1111
TEST_0020,MEDICAL_CLAIM,-10000010259472.0,,FL,2022-09-18,2022-09-18,2022-09-21,2022-10-07,2022-10-07,PAID,,Z604,,,,,,2493.52,1994.82,1994.82,0.0,,Y,,BATCH_20220921,CARRIER_CLAIMS_SYS,2022-09-21 03:00:00,0,16.5,30,N,2022-09-21,,,1.0,1.71,0.58,0.0,0.2143,-0.2143,1.0,False,True,17.0,False,Wednesday,0.0,0,0.0
TEST_0021,MEDICAL_CLAIM,-10000010265183.0,,MD,2019-10-10,2019-10-10,2019-10-14,2019-10-30,2019-10-30,PAID,,Y0704,,,,,,1088.1,1088.1,1088.1,0.0,,N,,BATCH_20191014,CARRIER_CLAIMS_SYS,2019-10-14 01:00:00,0,16.5,30,N,2019-10-14,,,2.0,1.57,1.27,0.0,0.2143,-0.2143,2.0,False,False,8.0,False,Monday,0.25,0,-0.25
TEST_0022,MEDICAL_CLAIM,-10000010261135.0,,ID,2019-10-02,2019-10-02,2019-10-06,2019-10-22,2019-10-22,PAID,,Z733,,,,,,1056.13,844.9,844.9,0.0,,N,,BATCH_20191006,CARRIER_CLAIMS_SYS,2019-10-06 00:00:00,0,16.5,30,N,2019-10-06,,,2.0,1.43,1.4,0.5,0.2143,0.2857,2.0,False,False,18.0,False,Sunday,0.2,0,-0.2
TEST_0023,MEDICAL_CLAIM,-10000010262495.0,1679948319.0,IN,2015-12-27,2015-12-27,2015-12-28,2016-01-28,2016-01-28,PAID,,Z733,,,,,,976.93,781.55,781.55,0.0,,N,,BATCH_20151228,CARRIER_CLAIMS_SYS,2015-12-28 01:00:00,3,31.0,30,Y,2015-12-28,2.0,0.0,2.0,2.0,1.0,1.0,1.0,0.0,2.0,False,False,,False,Monday,0.25,1,0.75
TEST_0024,PHARMACY_CLAIM,-10000010279289.0,1295604430.0,GA,2025-10-15,2025-10-15,2025-10-15,2025-10-16,,REJECTED,70_PA_REQUIRED,,,57885-853-57,LURASIDONE HCL,30.0,36.0,825.68,539.01,1455.98,286.67,,N,,BATCH_20251015,,2025-10-15 03:00:00,0,1.2,2,N,2025-10-15,2.0,1.0,2.0,2.0,1.0,0.0,0.0,0.0,2.0,False,False,,False,Wednesday,0.0,0,0.0
TEST_0025,PHARMACY_CLAIM,-10000010275412.0,1564126862.0,CA,2025-06-18,2025-06-18,2025-06-18,2025-06-19,,REJECTED,88_DUR_REJECT,,,50654-892-53,MINOCYCLINE HCL,30.0,33.0,554.6,467.35,467.35,87.25,,N,,BATCH_20250618,,2025-06-18 01:00:00,0,1.2,2,N,2025-06-18,1.0,1.0,1.0,1.57,0.64,0.0,0.0,0.0,1.0,False,False,,False,Wednesday,0.0,0,0.0
TEST_0026,MEDICAL_CLAIM,-10000010262716.0,1851470157.0,IN,2017-05-05,2017-05-05,2017-05-11,2017-05-27,2017-05-27,PAID,,Z604,,,,,,819936.272361842,6241.27,6241.27,0.0,,N,,BATCH_20170511,,2017-05-11 05:00:00,1,16.5,30,N,2017-05-11,1.0,0.0,1.0,1.17,0.85,0.0,0.1667,-0.1667,1.0,False,False,,False,Thursday,0.0,0,0.0
TEST_0027,PRIOR_AUTH,-10000010276403.0,1658247390.0,WA,,,2025-11-12,2025-11-20,2025-11-20,APPROVED,,,DME_WHEELCHAIR,,,,,,,,,STANDARD,Y,,,AUTH_MGMT_SYS,2025-11-12 04:00:00,2,8.4,14,N,,1.0,0.0,,,,,,,1.0,False,False,,False,Wednesday,0.0,0,0.0
TEST_0028,MEDICAL_CLAIM,-10000010256093.0,1871868703.0,AR,2016-03-22,2016-03-22,2016-03-29,2016-04-14,2016-04-14,PAID,,Z608,,,,,,769.72,615.77,615.77,0.0,,N,,,CARRIER_CLAIMS_SYS,2016-03-29 05:00:00,3,16.5,30,N,,2.0,0.0,,,,,,,2.0,False,False,,False,Tuesday,0.0,0,0.0
TEST_0029,PHARMACY_CLAIM,-10000010267225.0,1633537757.0,WA,2025-06-14,2025-06-14,2025-06-14,2025-06-15,,REJECTED,70_PA_REQUIRED,,,84600-946-60,MOXIFLOXACIN,90.0,80.0,1634.61,1196.12,1196.12,438.49,,N,,BATCH_20250614,PHARMACY_ADJ_SYS,2025-06-14 01:00:00,1,-999.0,2,N,2025-06-14,2.0,1.0,2.0,1.57,1.27,0.0,0.0,0.0,2.0,False,False,157.0,True,Saturday,0.1111111111111111,0,-0.1111
TEST_0030,MEDICAL_CLAIM,-10000010256093.0,1871868703.0,AR,2016-03-22,2016-03-22,2016-03-29,2016-04-14,2016-04-14,PAID,,Z608,,,,,,769.72,615.77,615.77,0.0,,N,,BATCH_20160329,CARRIER_CLAIMS_SYS,2016-03-29 05:00:00,3,16.5,30,N,2016-03-29,2.0,0.0,1.0,1.33,0.75,0.0,0.3333,-0.3333,2.0,False,False,59.0,False,Tuesday,0.0,0,0.0
TEST_0031,PHARMACY_CLAIM,-10000010269863.0,1325914638.0,PA,2025-11-18,2025-11-18,2025-11-18,2025-11-19,,REJECTED,70_PA_REQUIRED,,,91492-793-31,AMOXICILLIN-CLAVULANATE ER,60.0,76.0,260.44,207.35,207.35,53.09,,N,,BATCH_20251118,PHARMACY_ADJ_SYS,2025-11-18 03:00:00,0,1.2,2,N,2025-11-18,1.0,1.0,1.0,1.71,0.58,0.0,0.0,0.0,1.0,False,False,34.0,False,Tuesday,0.0,0,0.0
TEST_0032,MEDICAL_CLAIM,-10000010257119.0,1548293343.0,CT,2016-06-04,2016-06-04,2016-06-05,2016-06-21,2016-06-21,PAID,,Z608,,,,,,324.68,259.74,259.74,0.0,,N,,BATCH_20160605,CARRIER_CLAIMS_SYS,2016-06-05 05:00:00,1,16.5,30,N,2016-06-05,1.0,0.0,1.0,1.25,0.8,0.0,0.25,-0.25,1.0,False,False,68.0,False,Sunday,0.2,0,-0.2
TEST_0033,PHARMACY_CLAIM,-10000010267549.0,1833916557.0,FL,2025-08-21,2025-08-21,2025-08-21,2025-08-22,2025-08-22,PAID,,,,31400-727-20,CEFTRIAXONE,30.0,30.0,319.87,221.87,221.87,98.0,,N,,BATCH_20250821,PHARMACY_ADJ_SYS,2025-08-21 00:00:00,3,1.2,2,N,2025-08-21,3.0,0.0,3.0,1.71,1.75,0.0,0.0,0.0,3.0,False,False,28.0,False,Thursday,0.0,0,0.0
TEST_0034,MEDICAL_CLAIM,-10000010261135.0,1659371870.0,ID,2019-10-02,2019-10-02,2019-10-06,2019-11-06,2019-11-06,PAID,,Z733,,,,,,1056.13,844.9,844.9,0.0,,N,,BATCH_20191006,CARRIER_CLAIMS_SYS,2019-10-06 00:00:00,0,31.0,30,Y,2019-10-06,1.0,0.0,2.0,1.43,1.4,0.5,0.2143,0.2857,2.0,False,False,18.0,False,Sunday,0.2,1,0.8
TEST_0035,MEDICAL_CLAIM,-10000010257789.0,1982062485.0,FL,2018-05-02,2018-05-02,2018-05-03,2018-05-19,2018-05-19,PAID,,Z733,,,,,,1053.94,843.15,843.15,0.0,,N,,BATCH_20180503,CARRIER_CLAIMS_SYS,2018-05-03 05:00:00,1,16.5,30,N,2018-05-03,1.0,0.0,1.0,1.0,1.0,0.0,0.0,0.0,1.0,False,False,52.0,False,Thursday,0.0,0,0.0
TEST_0036,MEDICAL_CLAIM,-10000010262670.0,1508979683.0,IN,2017-06-19,2017-06-19,2017-06-27,2017-07-13,2017-07-13,PAID,,Z733,,,,,,824.26,659.42,659.42,0.0,,N,,BATCH_20170627,CARRIER_CLAIMS_SYS,2017-06-27 03:00:00,2,16.5,30,N,2017-06-27,1.0,0.0,1.0,1.0,1.0,0.0,0.0,0.0,1.0,False,False,4.0,False,Tuesday,0.0,0,0.0
TEST_0037,PRIOR_AUTH,-10000010276974.0,1000191866.0,FL,,,2025-01-20,2025-01-28,2025-01-28,DENIED,D_STEP_THERAPY_REQUIRED,,SPECIALTY_DRUG_INFUSION,,,,,,,,,STANDARD,Y,,BATCH_20250120,AUTH_MGMT_SYS,2025-01-20 03:00:00,0,8.4,14,N,2025-01-20,1.0,1.0,1.0,1.57,0.64,0.0,0.1429,-0.1429,1.0,False,False,,False,Monday,0.25,0,-0.25
TEST_0038,PHARMACY_CLAIM,-10000010284511.0,1759641270.0,OH,2025-01-08,2025-01-08,2025-01-08,2025-01-09,2025-01-09,PAID,,,,99446-966-30,NALOCET,60.0,58.0,293.45,213.56,213.56,79.89,,Y,,BATCH_20250108,PHARMACY_ADJ_SYS,2025-01-08 03:00:00,0,1.2,2,N,2025-01-08,2.0,0.0,2.0,1.71,1.17,0.0,0.2143,-0.2143,2.0,False,True,,False,Wednesday,0.0,0,0.0
TEST_0039,MEDICAL_CLAIM,-10000010258331.0,1215210273.0,FL,2018-09-22,2018-09-22,2018-09-24,2018-10-10,2018-10-10,PAID,,I340,,,,,,1689.98,1351.99,1351.99,0.0,,N,,BATCH_20180924,CARRIER_CLAIMS_SYS,2018-09-24 01:00:00,0,16.5,30,N,2018-09-24,4.0,0.0,2.0,1.14,1.75,0.0,0.0,0.0,2.0,False,False,144.0,False,Monday,0.25,0,-0.25
TEST_0040,PHARMACY_CLAIM,-10000010279289.0,1295604430.0,GA,2025-10-15,2025-10-15,2025-10-15,2025-10-16,,REJECTED,70_PA_REQUIRED,,,57885-853-57,LURASIDONE HCL,30.0,36.0,825.68,539.01,1455.98,286.67,,N,,BATCH_20251015,PHARMACY_ADJ_SYS,2025-10-15 03:00:00,0,1.2,2,N,2025-10-15,2.0,1.0,2.0,2.0,1.0,0.0,0.0,0.0,2.0,False,False,1.0,False,Wednesday,0.0,0,0.0
TEST_0041,MEDICAL_CLAIM,-10000010257969.0,1851562367.0,FL,2018-03-10,2018-03-10,2018-03-12,2018-03-28,2018-03-28,PAID,,Y0703,,,,,,2217.54,1774.03,1774.03,0.0,,N,,BATCH_20180312,CARRIER_CLAIMS_SYS,2018-03-12 04:00:00,0,16.5,30,N,2018-03-12,1.0,0.0,1.0,1.0,1.0,0.0,0.0,0.0,1.0,False,False,258.0,False,Monday,0.25,0,-0.25
TEST_0042,MEDICAL_CLAIM,-10000010258331.0,1215210273.0,FL,2018-09-22,2018-09-22,2018-09-24,2018-10-10,2018-10-10,PAID,,I340,,,,,,1689.98,1351.99,1351.99,0.0,,N,,BATCH_20180924,CARRIER_CLAIMS_SYS,2018-09-24 01:00:00,0,16.5,30,N,2018-09-24,4.0,0.0,2.0,1.14,1.75,0.0,0.0,0.0,2.0,False,False,144.0,False,Monday,0.25,0,-0.25
TEST_0043,MEDICAL_CLAIM,-10000010261871.0,1508826983.0,IL,2017-06-20,2017-06-20,2017-06-23,2017-07-09,2017-07-09,PAID,,Z733,,,,,,2054.68,1460.2,1460.2,0.0,,Y,,BATCH_20170623,CARRIER_CLAIMS_SYS,2017-06-23 04:00:00,0,16.5,30,N,2017-06-23,1.0,0.0,1.0,1.14,0.88,0.0,0.1429,-0.1429,1.0,False,True,171.0,False,Friday,0.2,0,-0.2
TEST_0044,PRIOR_AUTH,-10000010286893.0,1841232755.0,AL,,,2025-04-19,2025-04-27,2025-04-27,DENIED,D_NONCOVERED_SERVICE,,PHYSICAL_THERAPY_EXT,,,,,,,,,STANDARD,Y,,BATCH_20250419,AUTH_MGMT_SYS,2025-04-19 02:00:00,2,8.4,14,N,2025-04-19,3.0,1.0,3.0,1.43,2.1,0.0,0.1429,-0.1429,3.0,False,False,81.0,False,Saturday,0.1111111111111111,0,-0.1111
TEST_0045,MEDICAL_CLAIM,-10000010264014.0,1184138356.0,KY,2020-08-14,2020-08-14,2020-08-15,2020-09-15,2020-09-15,PAID,,Z3480,,,,,,6926.47,5541.18,5541.18,0.0,,N,,BATCH_20200815,CARRIER_CLAIMS_SYS,2020-08-15 01:00:00,3,31.0,30,Y,2020-08-15,1.0,0.0,1.0,1.71,0.58,1.0,0.3571,0.6429,1.0,False,False,176.0,False,Saturday,0.1111111111111111,1,0.8889
TEST_0046,MEDICAL_CLAIM,-10000010257601.0,1639693492.0,FL,2018-10-26,2018-10-26,2018-10-28,2018-11-13,2018-11-13,PAID,,Z733,,,,,,1330.86,1064.69,1064.69,0.0,,N,,BATCH_20181028,CARRIER_CLAIMS_SYS,2018-10-28 04:00:00,1,16.5,30,N,2018-10-28,1.0,0.0,1.0,1.14,0.88,0.0,0.0,0.0,1.0,False,False,34.0,False,Sunday,0.2,0,-0.2
TEST_0047,PRIOR_AUTH,-10000010286893.0,1841232755.0,AL,,,2025-04-19,2025-04-27,2025-04-27,DENIED,D_NONCOVERED_SERVICE,,PHYSICAL_THERAPY_EXT,,,,,,,,,STANDARD,Y,,BATCH_20250419,AUTH_MGMT_SYS,2025-04-19 02:00:00,2,8.4,14,N,2025-04-19,3.0,1.0,3.0,1.43,2.1,0.0,0.1429,-0.1429,3.0,False,False,81.0,False,Saturday,0.1111111111111111,0,-0.1111
TEST_0048,MEDICAL_CLAIM,-10000010257932.0,1215210273.0,FL,2019-09-11,2019-09-11,2019-09-18,2019-10-04,2019-10-04,PAID,,Z733,,,,,,1747.68,1398.15,1398.15,0.0,,N,,BATCH_20190918,CARRIER_CLAIMS_SYS,2019-09-18 01:00:00,3,16.5,30,N,2019-09-18,4.0,0.0,2.0,1.29,1.55,0.0,0.1429,-0.1429,2.0,False,False,110.0,False,Wednesday,0.0,0,0.0
TEST_0049,PHARMACY_CLAIM,-10000010284511.0,1759641270.0,OH,2025-01-08,2025-01-08,2025-01-08,2025-01-09,2025-01-09,PAID,,,,99446-966-30,NALOCET,60.0,58.0,293.45,213.56,213.56,79.89,,Y,,BATCH_20250108,PHARMACY_ADJ_SYS,2025-01-08 03:00:00,0,1.2,2,N,2025-01-08,2.0,0.0,2.0,1.71,1.17,0.0,0.2143,-0.2143,2.0,False,True,,False,Wednesday,0.0,0,0.0
TEST_0050,PHARMACY_CLAIM,,1204276437.0,CA,2025-10-14,2025-10-14,2025-10-14,2025-10-15,2025-10-15,PAID,,,,47251-355-19,CEFTAZIDIME,30.0,35.0,219.66,189.07,189.07,30.59,,N,,BATCH_20251014,PHARMACY_ADJ_SYS,2025-10-14 04:00:00,0,1.2,2,N,2025-10-14,2.0,0.0,2.0,1.86,1.08,0.0,0.0,0.0,,False,False,54.0,False,Tuesday,0.0,0,0.0
